{
    "1": {
        "1": [
            {
                "pdf": "P-01.pdf",
                "pdf_title": "straight lin",
                "video": "https:\/\/www.youtube.com\/watch?v=QQFST12xHHs",
                "video_title": "straight line"
            }
        ],
        "2": [
            {
                "pdf": "P-01.pdf",
                "pdf_title": "Circle",
                "video": "https:\/\/www.youtube.com\/watch?v=QQFST12xHHs",
                "video_title": "Circle"
            }
        ]
    }
}