[
    {
        "question": "What is the formula for force in Newton's second law?",
        "options": [
            "F = ma",
            "E = mc^2",
            "V = IR",
            "P = IV"
        ],
        "answer": "F = ma"
    },
    {
        "question": "What is the chemical symbol for water?",
        "options": [
            "O2",
            "H2O",
            "CO2",
            "NaCl"
        ],
        "answer": "H2O"
    },
    {
        "question": "What is 2 + 2?",
        "options": [
            "3",
            "4",
            "5",
            "6"
        ],
        "answer": "4"
    },
    {
        "question": "What is the capital city of France?",
        "options": [
            "Rome",
            "London",
            "Paris",
            "Berlin"
        ],
        "answer": "Paris"
    },
    {
        "question": "Which planet is known as the Red Planet?",
        "options": [
            "Earth",
            "Mars",
            "Jupiter",
            "Venus"
        ],
        "answer": "Mars"
    },
    {
        "question": "What is the chemical symbol for gold?",
        "options": [
            "Au",
            "Ag",
            "Fe",
            "Pb"
        ],
        "answer": "Au"
    },
    {
        "question": "How many continents are there on Earth?",
        "options": [
            "5",
            "6",
            "7",
            "8"
        ],
        "answer": "7"
    },
    {
        "question": "Who developed the theory of relativity?",
        "options": [
            "Isaac Newton",
            "Albert Einstein",
            "Galileo Galilei",
            "Nikola Tesla"
        ],
        "answer": "Albert Einstein"
    },
    {
        "question": "What is the boiling point of water in Celsius?",
        "options": [
            "90°C",
            "100°C",
            "110°C",
            "120°C"
        ],
        "answer": "100°C"
    },
    {
        "question": "Which gas is most abundant in the Earth's atmosphere?",
        "options": [
            "Oxygen",
            "Nitrogen",
            "Carbon Dioxide",
            "Hydrogen"
        ],
        "answer": "Nitrogen"
    },
    {
        "question": "Which element has the atomic number 1?",
        "options": [
            "Helium",
            "Hydrogen",
            "Lithium",
            "Oxygen"
        ],
        "answer": "Hydrogen"
    },
    {
        "question": "What is the speed of light in vacuum?",
        "options": [
            "300,000 km/s",
            "150,000 km/s",
            "500,000 km/s",
            "100,000 km/s"
        ],
        "answer": "300,000 km/s"
    },
    {
        "question": "What is the hardest natural substance on Earth?",
        "options": [
            "Iron",
            "Diamond",
            "Gold",
            "Platinum"
        ],
        "answer": "Diamond"
    },
    {
        "question": "What is the largest planet in our solar system?",
        "options": [
            "Earth",
            "Jupiter",
            "Saturn",
            "Neptune"
        ],
        "answer": "Jupiter"
    },
    {
        "question": "What is the main ingredient in traditional Japanese sake?",
        "options": [
            "Wheat",
            "Rice",
            "Corn",
            "Barley"
        ],
        "answer": "Rice"
    },
    {
        "question": "Which country is home to the kangaroo?",
        "options": [
            "Australia",
            "Brazil",
            "India",
            "Canada"
        ],
        "answer": "Australia"
    },
    {
        "question": "Which is the longest river in the world?",
        "options": [
            "Nile",
            "Amazon",
            "Yangtze",
            "Mississippi"
        ],
        "answer": "Nile"
    },
    {
        "question": "Who is the author of 'Hamlet'?",
        "options": [
            "Charles Dickens",
            "Mark Twain",
            "William Shakespeare",
            "Ernest Hemingway"
        ],
        "answer": "William Shakespeare"
    },
    {
        "question": "What is the largest mammal on Earth?",
        "options": [
            "Elephant",
            "Blue Whale",
            "Shark",
            "Giraffe"
        ],
        "answer": "Blue Whale"
    },
    {
        "question": "How many bones are in the human body?",
        "options": [
            "206",
            "205",
            "207",
            "208"
        ],
        "answer": "206"
    },
    {
        "question": "What is the chemical formula for table salt?",
        "options": [
            "NaCl",
            "KCl",
            "CaCO3",
            "H2O"
        ],
        "answer": "NaCl"
    },
    {
        "question": "Who invented the telephone?",
        "options": [
            "Alexander Graham Bell",
            "Thomas Edison",
            "Nikola Tesla",
            "James Watt"
        ],
        "answer": "Alexander Graham Bell"
    },
    {
        "question": "What is the tallest mountain in the world?",
        "options": [
            "Mount Everest",
            "K2",
            "Kangchenjunga",
            "Lhotse"
        ],
        "answer": "Mount Everest"
    },
    {
        "question": "What is the smallest prime number?",
        "options": [
            "1",
            "2",
            "3",
            "5"
        ],
        "answer": "2"
    },
    {
        "question": "Which country won the FIFA World Cup in 2018?",
        "options": [
            "Brazil",
            "Germany",
            "France",
            "Argentina"
        ],
        "answer": "France"
    },
    {
        "question": "Which element is necessary for the production of nuclear energy?",
        "options": [
            "Hydrogen",
            "Uranium",
            "Oxygen",
            "Carbon"
        ],
        "answer": "Uranium"
    },
    {
        "question": "Who painted the Mona Lisa?",
        "options": [
            "Pablo Picasso",
            "Vincent van Gogh",
            "Leonardo da Vinci",
            "Michelangelo"
        ],
        "answer": "Leonardo da Vinci"
    },
    {
        "question": "Which blood type is known as the universal donor?",
        "options": [
            "A",
            "B",
            "AB",
            "O"
        ],
        "answer": "O"
    },
    {
        "question": "What is the atomic number of Carbon?",
        "options": [
            "6",
            "8",
            "12",
            "14"
        ],
        "answer": "6"
    },
    {
        "question": "Which part of the plant conducts photosynthesis?",
        "options": [
            "Root",
            "Stem",
            "Leaf",
            "Flower"
        ],
        "answer": "Leaf"
    }
]